experiment,config,name,backbone,variant,balance,seed,run_dir,cache,splits_csv,mixed_camera,size,ft_lr,accuracy,macro_f1,qwk,dr_accuracy,dr_sensitivity,dr_specificity,macro_f1_argmax,phase1_best_macro_f1,best_epoch,epochs_phase1,epochs_phase2,minutes,mixed_camera_macro_f1,mixed_camera_dr_accuracy
E1,E1_A,E1_A_s42,EfficientNetB0,A,none,42,/kaggle/working/runs/E1_A_s42,/tmp/dr_cache/A_224.npy,/kaggle/input/notebooks/mohamedshafran7/dr-02-preprocess/splits.csv,2588x1958,224,0.0001,0.8049713193116634,0.603886914041309,0.8479709122793642,0.9694072657743786,0.968503937007874,0.9702602230483272,0.6066258335987234,0.3987812090704493,11,8,8,3.8,0.5806862745098039,0.9375
E1,E1_A,E1_A_s43,EfficientNetB0,A,none,43,/kaggle/working/runs/E1_A_s43,/tmp/dr_cache/A_224.npy,/kaggle/input/notebooks/mohamedshafran7/dr-02-preprocess/splits.csv,2588x1958,224,0.0001,0.8164435946462715,0.5968144642962049,0.8594755436582473,0.9751434034416826,0.9724409448818898,0.9776951672862454,0.598383781318723,0.3802087578905512,21,6,20,5.7,0.6357948717948718,0.9875
E2,E2_B,E2_B_s42,EfficientNetB0,B,none,42,/kaggle/working/runs/E2_B_s42,/tmp/dr_cache/B_224.npy,/kaggle/input/notebooks/mohamedshafran7/dr-02-preprocess/splits.csv,2588x1958,224,0.0001,0.8240917782026769,0.6225782718850581,0.8497678163140437,0.97131931166348,0.9606299212598425,0.9814126394052045,0.6225782718850581,0.43855394502498085,16,8,13,4.7,0.7253693207377419,0.975
E2,E2_B,E2_B_s43,EfficientNetB0,B,none,43,/kaggle/working/runs/E2_B_s43,/tmp/dr_cache/B_224.npy,/kaggle/input/notebooks/mohamedshafran7/dr-02-preprocess/splits.csv,2588x1958,224,0.0001,0.8221797323135756,0.6107603780745192,0.8487609923924488,0.97131931166348,0.9566929133858267,0.9851301115241635,0.6129625030480579,0.37511715797430084,18,8,15,5.1,0.6837277718104786,0.975
E2,E2_C,E2_C_s42,EfficientNetB0,C,none,42,/kaggle/working/runs/E2_C_s42,/tmp/dr_cache/C_224.npy,/kaggle/input/notebooks/mohamedshafran7/dr-02-preprocess/splits.csv,2588x1958,224,0.0001,0.8030592734225621,0.5948115166101149,0.8550934334882861,0.9541108986615678,0.9173228346456693,0.9888475836431226,0.5805628872884732,0.4416365506837437,11,8,8,3.8,0.47849823473693276,0.9375
E2,E2_C,E2_C_s43,EfficientNetB0,C,none,43,/kaggle/working/runs/E2_C_s43,/tmp/dr_cache/C_224.npy,/kaggle/input/notebooks/mohamedshafran7/dr-02-preprocess/splits.csv,2588x1958,224,0.0001,0.8011472275334608,0.5839883785118685,0.8493369994397869,0.9617590822179732,0.937007874015748,0.9851301115241635,0.585412540271434,0.4533131073816966,15,8,12,4.5,0.5813824270967128,0.95
E3,E3_B_weights,E3_B_weights_s42,EfficientNetB0,B,weights,42,/kaggle/working/runs/E3_B_weights_s42,/tmp/dr_cache/B_224.npy,/kaggle/input/notebooks/mohamedshafran7/dr-02-preprocess/splits.csv,2588x1958,224,0.0001,0.780114722753346,0.6134766998137386,0.8340953008237966,0.9655831739961759,0.968503937007874,0.9628252788104089,0.6095674920985609,0.5509713603371631,13,8,10,4.2,0.7001141552511415,0.9625
E3,E3_B_weights,E3_B_weights_s43,EfficientNetB0,B,weights,43,/kaggle/working/runs/E3_B_weights_s43,/tmp/dr_cache/B_224.npy,/kaggle/input/notebooks/mohamedshafran7/dr-02-preprocess/splits.csv,2588x1958,224,0.0001,0.780114722753346,0.6266459163351706,0.8338854950328631,0.9541108986615678,0.9803149606299213,0.929368029739777,0.631285316399063,0.5263544805741754,17,8,14,5.0,0.6458047249907715,0.95
E3,E3_B_oversample,E3_B_oversample_s42,EfficientNetB0,B,oversample,42,/kaggle/working/runs/E3_B_oversample_s42,/tmp/dr_cache/B_224.npy,/kaggle/input/notebooks/mohamedshafran7/dr-02-preprocess/splits.csv,2588x1958,224,0.0001,0.7648183556405354,0.601789779495629,0.8416867363397336,0.9674952198852772,0.9606299212598425,0.9739776951672863,0.5995721290339859,0.5417419470964565,9,7,7,3.4,0.6586666666666667,0.9625
E3,E3_B_oversample,E3_B_oversample_s43,EfficientNetB0,B,oversample,43,/kaggle/working/runs/E3_B_oversample_s43,/tmp/dr_cache/B_224.npy,/kaggle/input/notebooks/mohamedshafran7/dr-02-preprocess/splits.csv,2588x1958,224,0.0001,0.8030592734225621,0.627280587152554,0.8471708467859764,0.9655831739961759,0.9606299212598425,0.9702602230483272,0.6286766476400647,0.5407817268490505,20,8,17,5.5,0.7379223403135852,0.9625
E5,E5_MobileNetV2,E5_MobileNetV2_s42,MobileNetV2,B,none,42,/kaggle/working/runs/E5_MobileNetV2_s42,/tmp/dr_cache/B_224.npy,/kaggle/input/notebooks/mohamedshafran7/dr-02-preprocess/splits.csv,2588x1958,224,0.0001,0.8107074569789675,0.6060950846943123,0.8392036792356947,0.9655831739961759,0.937007874015748,0.9925650557620818,0.6088716306609976,0.43451163444658353,15,7,13,3.3,0.6297702297702298,0.9625
E5,E5_MobileNetV2,E5_MobileNetV2_s43,MobileNetV2,B,none,43,/kaggle/working/runs/E5_MobileNetV2_s43,/tmp/dr_cache/B_224.npy,/kaggle/input/notebooks/mohamedshafran7/dr-02-preprocess/splits.csv,2588x1958,224,0.0001,0.8087954110898662,0.5933330463481131,0.8307286543457926,0.9655831739961759,0.937007874015748,0.9925650557620818,0.590074085166202,0.4634352635705043,24,8,20,4.4,0.7132683106367318,0.975
E5,E5_EfficientNetB3,E5_EfficientNetB3_s42,EfficientNetB3,B,none,42,/kaggle/working/runs/E5_EfficientNetB3_s42,/tmp/dr_cache/B_300.npy,/kaggle/input/notebooks/mohamedshafran7/dr-02-preprocess/splits.csv,2588x1958,300,0.0001,0.8298279158699808,0.6408295554684237,0.8670459096675788,0.9674952198852772,0.937007874015748,0.9962825278810409,0.6393518764154887,0.49569036563160757,21,8,18,16.9,0.6379333130637479,0.9875
E4,E4_ft_lr_1e-5,E4_ft_lr_1e-5_s42,EfficientNetB3,B,none,42,/kaggle/working/runs/E4_ft_lr_1e-5_s42,/tmp/dr_cache/B_300.npy,/kaggle/input/notebooks/mohamedshafran7/dr-02-preprocess/splits.csv,2588x1958,300,1e-05,0.7992351816443595,0.5863479777814694,0.8015938151640554,0.9311663479923518,0.8622047244094488,0.9962825278810409,0.5771683253480264,0.49569036563160757,19,8,16,15.8,0.49278394902264705,0.9375
