phase,accuracy,loss,val_accuracy,val_loss,val_macro_f1,val_qwk,val_dr_accuracy,learning_rate
1,0.36120128631591797,1.4334290027618408,0.5793498754501343,1.028246283531189,0.3662446549708328,0.7278051964249377,0.8661567877629063,0.0010000000474974513
1,0.4963473975658417,1.1907168626785278,0.6481835842132568,0.9090859293937683,0.4512987064496482,0.72418127140417,0.8623326959847036,0.0010000000474974513
1,0.5060876607894897,1.1418794393539429,0.629063069820404,0.8374362587928772,0.4479429326749105,0.7469534021981135,0.9024856596558317,0.0010000000474974513
1,0.5600649118423462,1.0591437816619873,0.7189292311668396,0.7927805185317993,0.5417419470964565,0.7823306848278472,0.892925430210325,0.0010000000474974513
1,0.5714285969734192,1.0313730239868164,0.6596558094024658,0.8618547320365906,0.4971926088346225,0.7532167823849195,0.8604206500956023,0.0010000000474974513
1,0.6018669009208679,0.989896297454834,0.6749522089958191,0.820817232131958,0.5212687230449516,0.7761318481203082,0.8948374760994264,0.0010000000474974513
1,0.5783278942108154,1.0030144453048706,0.6711280941963196,0.8317493796348572,0.5167539771129922,0.7547866028099769,0.8833652007648184,0.0005000000237487257
2,0.583198070526123,0.9897022247314453,0.7361376881599426,0.6921197175979614,0.567409517053467,0.8016879701547306,0.9445506692160612,9.999999747378752e-05
2,0.6233766078948975,0.9031868577003479,0.7648183703422546,0.6255894899368286,0.601789779495629,0.8416867363397336,0.9674952198852772,9.999999747378752e-05
2,0.65625,0.8401892781257629,0.7648183703422546,0.6008511781692505,0.5894130814653115,0.8291041762925777,0.9655831739961759,9.999999747378752e-05
2,0.6745129823684692,0.7916393280029297,0.7629063129425049,0.6137189865112305,0.5733996449520415,0.8239969591617358,0.9636711281070746,9.999999747378752e-05
2,0.711850643157959,0.7197141051292419,0.7418738007545471,0.668029248714447,0.5967779657880088,0.8346365285464373,0.9464627151051626,4.999999873689376e-05
2,0.7244318127632141,0.6807899475097656,0.7304015159606934,0.6937215328216553,0.5660156388181583,0.8236999683405193,0.9407265774378585,4.999999873689376e-05
2,0.7150974273681641,0.6932826042175293,0.7342256307601929,0.6761884093284607,0.5751998085211556,0.8236744326522585,0.9407265774378585,2.499999936844688e-05
